driverId,driverName,meanScore,hex_code
20,Sebastian Vettel,1836.3717023692564,#FFD700
1,Lewis Hamilton,1809.455265700474,#C0C0C0
117,Alain Prost,1792.9934546758384,#CD7F32
224,Emerson Fittipaldi,1784.5801998879717,#F7EAB4
830,Max Verstappen,1775.2183523816814,#F7EAB4
30,Michael Schumacher,1772.8672759146264,#F7EAB4
4,Fernando Alonso,1761.2659294719192,#F7EAB4
373,Jim Clark,1738.9439095226585,#F7EAB4
328,Jackie Stewart,1712.2811829511127,#F7EAB4
846,Lando Norris,1709.7401465510734,#F7EAB4
