driverId,driverName,meanScore,hex_code
1,Lewis Hamilton,2065.0666125877738,#FFD700
20,Sebastian Vettel,2035.701232716831,#C0C0C0
117,Alain Prost,2021.900261528177,#CD7F32
830,Max Verstappen,2013.5363248799279,#F7EAB4
224,Emerson Fittipaldi,1990.6449244065682,#F7EAB4
30,Michael Schumacher,1960.4774592477656,#F7EAB4
373,Jim Clark,1944.7794764588507,#F7EAB4
4,Fernando Alonso,1911.482046916018,#F7EAB4
328,Jackie Stewart,1885.2285174334945,#F7EAB4
846,Lando Norris,1882.4865010866954,#F7EAB4
