driverId,driverName,meanScore,hex_code
20,Sebastian Vettel,1839.1574355420778,#FFD700
1,Lewis Hamilton,1810.4535406834143,#C0C0C0
117,Alain Prost,1794.167994753377,#CD7F32
224,Emerson Fittipaldi,1786.096890987028,#F7EAB4
830,Max Verstappen,1775.8222055845915,#F7EAB4
30,Michael Schumacher,1774.6360003389657,#F7EAB4
4,Fernando Alonso,1763.9430263243937,#F7EAB4
373,Jim Clark,1739.6043213622866,#F7EAB4
328,Jackie Stewart,1713.0487211754835,#F7EAB4
172,Jacques Laffite,1710.2350415522271,#F7EAB4
