driverId,driverName,meanScore,hex_code
20,Sebastian Vettel,2309.9414908746176,#FFD700
224,Emerson Fittipaldi,2242.8742182617516,#C0C0C0
1,Lewis Hamilton,2233.2675103359143,#CD7F32
117,Alain Prost,2219.9497045390135,#F7EAB4
830,Max Verstappen,2184.803486134103,#F7EAB4
4,Fernando Alonso,2179.337456509999,#F7EAB4
30,Michael Schumacher,2151.9427882736445,#F7EAB4
373,Jim Clark,2114.521680212392,#F7EAB4
172,Jacques Laffite,2050.453856619354,#F7EAB4
360,Bruce McLaren,2040.162237523504,#F7EAB4
