constructorId,constructorName,hex_code,conScoreChange,baseline
1,McLaren,#FF8100,277.70321796638723,0
210,Haas F1 Team,#B6BABD,185.02179702194417,0
215,RB F1 Team,#6692FF,159.14499455726832,0
6,Ferrari,#E80020,44.728470464180646,0
3,Williams,#63C4FF,0.9724716786349745,0
131,Mercedes,#25F4D2,-17.002733068650286,0
117,Aston Martin,#219971,-133.1517679761405,0
9,Red Bull,#3671C6,-144.11185414874808,0
214,Alpine F1 Team,#0293CC,-156.40433631768224,0
15,Sauber,#51E251,-461.9320941870212,0
