constructorId,constructorName,conScoreChange,hex_code,baseline
1,McLaren,277.70321796638723,#FF8100,0
210,Haas F1 Team,185.02179702194417,#B6BABD,0
215,RB F1 Team,159.14499455726832,#6692FF,0
6,Ferrari,44.728470464180646,#E80020,0
3,Williams,0.9724716786349745,#63C4FF,0
131,Mercedes,-17.002733068650286,#25F4D2,0
117,Aston Martin,-133.1517679761405,#219971,0
9,Red Bull,-144.11185414874808,#3671C6,0
214,Alpine F1 Team,-156.40433631768224,#0293CC,0
15,Sauber,-461.9320941870212,#51E251,0
