constructorId,constructorName,hex_code,conScoreChange,baseline
210,Haas F1 Team,#B6BABD,466.2270064834406,0
1,McLaren,#FF8100,357.2166965939109,0
6,Ferrari,#E80020,246.42430149293386,0
215,RB F1 Team,#6692FF,216.35247857511536,0
131,Mercedes,#25F4D2,38.251296326985994,0
3,Williams,#63C4FF,-110.69973193782266,0
214,Alpine F1 Team,#0293CC,-158.55992591299514,0
117,Aston Martin,#219971,-394.06088828982683,0
9,Red Bull,#3671C6,-408.61429907431693,0
15,Sauber,#51E251,-606.7701780798425,0
