constructorId,constructorName,hex_code,conScoreChange,baseline
210,Haas F1 Team,#B6BABD,179.27001363937734,0
1,McLaren,#FF8100,161.35973621101562,0
215,RB F1 Team,#6692FF,90.9570009650322,0
6,Ferrari,#E80020,84.80024311841021,0
131,Mercedes,#25F4D2,-2.009793100337447,0
3,Williams,#63C4FF,-34.71998982587684,0
214,Alpine F1 Team,#0293CC,-69.91628121734675,0
9,Red Bull,#3671C6,-139.85490668141824,0
117,Aston Martin,#219971,-145.19032612592719,0
15,Sauber,#51E251,-241.7029169856462,0
