constructorId,constructorName,constructorScore,hex_code
6,Ferrari,2713.1923225668206,#E80020
9,Red Bull,2681.714028829671,#3671C6
1,McLaren,2667.564563159786,#FF8100
131,Mercedes,2544.8790107631494,#25F4D2
210,Haas F1 Team,2009.3345921502068,#B6BABD
117,Aston Martin,1915.0626863489983,#219971
214,Alpine F1 Team,1892.2029697535324,#0293CC
215,RB F1 Team,1716.3524785751154,#6692FF
3,Williams,1617.4406243626086,#63C4FF
15,Sauber,1418.328951593801,#51E251
