constructorId,constructorName,constructorScore,hex_code
9,Red Bull,2036.0052181554472,#3671C6
6,Ferrari,2011.6414580371163,#E80020
1,McLaren,1980.0759042874597,#FF8100
131,Mercedes,1955.786885110908,#25F4D2
117,Aston Martin,1697.8576060759617,#219971
210,Haas F1 Team,1679.0206913364657,#B6BABD
214,Alpine F1 Team,1662.2385287496134,#0293CC
215,RB F1 Team,1590.9570009650322,#6692FF
3,Williams,1536.6084606490533,#63C4FF
15,Sauber,1447.6370281083357,#51E251
