constructorId,constructorName,constructorScore,hex_code
9,Red Bull,1751.9338618739562,#3671C6
6,Ferrari,1740.4803112554089,#E80020
1,McLaren,1725.680058951775,#FF8100
131,Mercedes,1714.1592384018495,#25F4D2
117,Aston Martin,1592.4249792819255,#219971
210,Haas F1 Team,1583.777245168218,#B6BABD
214,Alpine F1 Team,1576.21658300763,#0293CC
215,RB F1 Team,1542.5128439597954,#6692FF
3,Williams,1517.0979592051056,#63C4FF
15,Sauber,1475.636100369231,#51E251
